index,d__Bacteria;p__Proteobacteria;c__Gammaproteobacteria;o__Xanthomonadales;f__Xanthomonadaceae;g__Stenotrophomonas,d__Bacteria;p__Firmicutes;c__Negativicutes;o__Veillonellales-Selenomonadales;f__Veillonellaceae;g__Dialister,d__Bacteria;p__Proteobacteria;c__Alphaproteobacteria;o__Rhizobiales;f__Beijerinckiaceae;g__Methylobacterium-Methylorubrum,d__Bacteria;p__Patescibacteria;c__Gracilibacteria;o__Absconditabacteriales_(SR1);f__Absconditabacteriales_(SR1);g__Absconditabacteriales_(SR1),d__Bacteria;p__Proteobacteria;c__Gammaproteobacteria;o__Burkholderiales;f__Burkholderiaceae;g__Cupriavidus,d__Bacteria;p__Proteobacteria;c__Gammaproteobacteria;o__Cardiobacteriales;f__Cardiobacteriaceae;g__Cardiobacterium,d__Bacteria;p__Firmicutes;c__Clostridia;o__Peptostreptococcales-Tissierellales;f__Family_XI;g__Anaerococcus,d__Bacteria;p__Firmicutes;c__Bacilli;o__Staphylococcales;f__Gemellaceae;g__Gemella,d__Bacteria;p__Actinobacteriota;c__Actinobacteria;o__Corynebacteriales;f__Corynebacteriaceae;g__Corynebacterium,d__Bacteria;p__Firmicutes;c__Clostridia;o__Peptostreptococcales-Tissierellales;f__Family_XI;g__Parvimonas,d__Bacteria;p__Proteobacteria;c__Gammaproteobacteria;o__Burkholderiales;f__Neisseriaceae;g__Kingella,d__Bacteria;p__Proteobacteria;c__Gammaproteobacteria;o__Enterobacterales;f__Pasteurellaceae;g__Haemophilus,d__Bacteria;p__Firmicutes;c__Bacilli;o__Lactobacillales;f__Streptococcaceae;g__Streptococcus,d__Bacteria;p__Planctomycetota;c__Planctomycetes;o__Isosphaerales;f__Isosphaeraceae;g__Tundrisphaera,d__Bacteria;p__Actinobacteriota;c__Actinobacteria;o__Corynebacteriales;f__Mycobacteriaceae;g__Mycobacterium,d__Bacteria;p__Actinobacteriota;c__Actinobacteria;o__Propionibacteriales;f__Propionibacteriaceae;g__Microlunatus,d__Bacteria;p__Patescibacteria;c__Saccharimonadia;o__Saccharimonadales;f__Saccharimonadaceae;g__TM7x,d__Bacteria;p__Proteobacteria;c__Gammaproteobacteria;o__Burkholderiales;f__Neisseriaceae;g__Neisseria,d__Bacteria;p__Actinobacteriota;c__Actinobacteria;o__Frankiales;f__Geodermatophilaceae;g__Klenkia,d__Bacteria;p__Proteobacteria;c__Alphaproteobacteria;o__Sphingomonadales;f__Sphingomonadaceae;__,d__Bacteria;p__Actinobacteriota;c__Actinobacteria;o__Corynebacteriales;f__Nocardiaceae;g__Williamsia,d__Bacteria;p__Bacteroidota;c__Bacteroidia;o__Bacteroidales;f__Prevotellaceae;g__Prevotella,d__Bacteria;p__Proteobacteria;c__Alphaproteobacteria;o__Rhizobiales;f__Beijerinckiaceae;g__1174-901-12,d__Bacteria;p__Actinobacteriota;c__Actinobacteria;o__Micrococcales;f__Microbacteriaceae;g__Curtobacterium,d__Bacteria;p__Actinobacteriota;c__Actinobacteria;o__Propionibacteriales;f__Propionibacteriaceae;g__Cutibacterium,d__Bacteria;p__Proteobacteria;c__Gammaproteobacteria;o__Enterobacterales;f__Pasteurellaceae;g__Aggregatibacter,d__Bacteria;p__Bacteroidota;c__Bacteroidia;o__Bacteroidales;f__Prevotellaceae;g__Alloprevotella,d__Bacteria;p__Actinobacteriota;c__Actinobacteria;o__Pseudonocardiales;f__Pseudonocardiaceae;g__Actinomycetospora,d__Bacteria;p__Proteobacteria;c__Gammaproteobacteria;o__Pseudomonadales;f__Pseudomonadaceae;g__Pseudomonas,d__Bacteria;p__Proteobacteria;c__Gammaproteobacteria;o__Burkholderiales;f__Comamonadaceae;g__Aquabacterium,d__Bacteria;p__Proteobacteria;c__Alphaproteobacteria;o__Rhizobiales;f__Xanthobacteraceae;__,d__Bacteria;p__Proteobacteria;c__Alphaproteobacteria;o__Rhizobiales;f__Rhizobiaceae;g__Aureimonas,d__Bacteria;p__Firmicutes;c__Negativicutes;o__Veillonellales-Selenomonadales;f__Veillonellaceae;g__Veillonella,d__Bacteria;p__Actinobacteriota;c__Actinobacteria;o__Propionibacteriales;f__Propionibacteriaceae;g__Friedmanniella,d__Bacteria;p__Actinobacteriota;c__Actinobacteria;o__Micrococcales;f__Microbacteriaceae;g__Amnibacterium,d__Bacteria;p__Proteobacteria;c__Gammaproteobacteria;o__Burkholderiales;f__Neisseriaceae;g__Eikenella,d__Bacteria;p__Actinobacteriota;c__Actinobacteria;o__Actinomycetales;f__Actinomycetaceae;g__Actinomyces,d__Bacteria;p__Proteobacteria;c__Gammaproteobacteria;o__Diplorickettsiales;f__Diplorickettsiaceae;g__Rickettsiella,d__Bacteria;p__Bacteroidota;c__Bacteroidia;o__Bacteroidales;f__Porphyromonadaceae;g__Porphyromonas,d__Bacteria;p__Fusobacteriota;c__Fusobacteriia;o__Fusobacteriales;f__Leptotrichiaceae;g__Leptotrichia,d__Bacteria;p__Firmicutes;c__Bacilli;o__Lactobacillales;f__Lactobacillaceae;g__Lactobacillus,d__Bacteria;p__Proteobacteria;c__Alphaproteobacteria;o__Rickettsiales;f__Midichloriaceae;g__Candidatus_Midichloria,d__Bacteria;p__Proteobacteria;c__Alphaproteobacteria;o__Sphingomonadales;f__Sphingomonadaceae;g__Sphingomonas,d__Bacteria;p__Actinobacteriota;c__Actinobacteria;o__Propionibacteriales;f__Nocardioidaceae;g__uncultured,d__Bacteria;p__Firmicutes;c__Bacilli;o__Erysipelotrichales;f__Erysipelotrichaceae;g__Solobacterium,d__Bacteria;p__Fusobacteriota;c__Fusobacteriia;o__Fusobacteriales;f__Fusobacteriaceae;g__Fusobacterium,d__Bacteria;p__Proteobacteria;c__Alphaproteobacteria;o__Rhizobiales;f__Beijerinckiaceae;__,d__Bacteria;p__Proteobacteria;c__Alphaproteobacteria;o__Rhizobiales;f__Rhizobiaceae;g__Allorhizobium-Neorhizobium-Pararhizobium-Rhizobium,d__Bacteria;p__Proteobacteria;c__Alphaproteobacteria;o__Caulobacterales;f__Caulobacteraceae;g__Brevundimonas,d__Bacteria;p__Proteobacteria;c__Gammaproteobacteria;o__Enterobacterales;f__Erwiniaceae;g__Pantoea,d__Bacteria;p__Actinobacteriota;c__Actinobacteria;o__Micrococcales;f__Microbacteriaceae;__,d__Bacteria;p__Proteobacteria;c__Gammaproteobacteria;o__Enterobacterales;f__Enterobacteriaceae;g__Salmonella,d__Bacteria;p__Firmicutes;c__Clostridia;o__Peptostreptococcales-Tissierellales;f__Family_XI;g__Ezakiella,d__Bacteria;p__Firmicutes;c__Clostridia;o__Peptostreptococcales-Tissierellales;f__Peptostreptococcaceae;g__Peptostreptococcus,d__Bacteria;p__Proteobacteria;c__Alphaproteobacteria;o__Acetobacterales;f__Acetobacteraceae;g__Belnapia,d__Bacteria;p__Proteobacteria;c__Gammaproteobacteria;o__Burkholderiales;f__Burkholderiaceae;g__Ralstonia,d__Bacteria;p__Actinobacteriota;c__Actinobacteria;o__Corynebacteriales;f__Corynebacteriaceae;g__Turicella,d__Bacteria;p__Actinobacteriota;c__Actinobacteria;o__Micrococcales;f__Dermacoccaceae;g__Dermacoccus,d__Bacteria;p__Firmicutes;c__Bacilli;o__Lactobacillales;f__Carnobacteriaceae;g__Granulicatella,d__Bacteria;p__Proteobacteria;c__Gammaproteobacteria;o__Francisellales;f__Francisellaceae;g__Francisella,d__Bacteria;p__Actinobacteriota;c__Actinobacteria;o__Propionibacteriales;f__Propionibacteriaceae;__,d__Bacteria;p__Actinobacteriota;c__Actinobacteria;o__Micrococcales;f__Micrococcaceae;g__Rothia,d__Bacteria;p__Actinobacteriota;c__Actinobacteria;o__Bifidobacteriales;f__Bifidobacteriaceae;g__Gardnerella,d__Bacteria;p__Campylobacterota;c__Campylobacteria;o__Campylobacterales;f__Campylobacteraceae;g__Campylobacter,d__Bacteria;p__Firmicutes;c__Clostridia;o__Peptostreptococcales-Tissierellales;f__Family_XI;g__Peptoniphilus,d__Bacteria;p__Proteobacteria;c__Gammaproteobacteria;o__Burkholderiales;f__Rhodocyclaceae;__,d__Bacteria;p__Firmicutes;c__Bacilli;o__Staphylococcales;f__Staphylococcaceae;g__Staphylococcus,d__Bacteria;p__Bacteroidota;c__Bacteroidia;o__Bacteroidales;f__Prevotellaceae;g__Prevotella_7,d__Bacteria;p__Spirochaetota;c__Spirochaetia;o__Spirochaetales;f__Spirochaetaceae;g__Treponema,d__Bacteria;p__Bacteroidota;c__Bacteroidia;o__Flavobacteriales;f__Flavobacteriaceae;g__Capnocytophaga,d__Bacteria;p__Proteobacteria;c__Gammaproteobacteria;o__Burkholderiales;f__Burkholderiaceae;g__Lautropia,d__Bacteria;p__Proteobacteria;c__Gammaproteobacteria;o__Burkholderiales;f__Comamonadaceae;g__Rhizobacter,d__Bacteria;p__Actinobacteriota;c__Actinobacteria;o__Frankiales;f__Frankiaceae;g__Jatrophihabitans,d__Bacteria;p__Proteobacteria;c__Gammaproteobacteria;o__Burkholderiales;f__Alcaligenaceae;__,d__Bacteria;p__Proteobacteria;c__Gammaproteobacteria;o__Burkholderiales;f__Comamonadaceae;__,d__Bacteria;p__Proteobacteria;c__Alphaproteobacteria;o__Acetobacterales;f__Acetobacteraceae;g__Acidiphilium,d__Bacteria;p__Patescibacteria;c__Saccharimonadia;o__Saccharimonadales;f__Saccharimonadaceae;g__Saccharimonadaceae,d__Bacteria;p__Firmicutes;c__Clostridia;o__Peptostreptococcales-Tissierellales;f__Anaerovoracaceae;g__[Eubacterium]_nodatum_group,d__Bacteria;p__Firmicutes;c__Bacilli;o__Lactobacillales;f__Carnobacteriaceae;g__Alloiococcus,d__Bacteria;p__Actinobacteriota;c__Actinobacteria;o__Propionibacteriales;f__Nocardioidaceae;g__Nocardioides,d__Bacteria;p__Firmicutes;c__Clostridia;o__Peptostreptococcales-Tissierellales;f__Family_XI;g__Finegoldia,d__Bacteria;p__Actinobacteriota;c__Actinobacteria;o__Corynebacteriales;f__Corynebacteriaceae;g__Lawsonella,d__Bacteria;p__Proteobacteria;c__Alphaproteobacteria;o__Acetobacterales;f__Acetobacteraceae;g__Roseomonas,d__Bacteria;p__Proteobacteria;c__Gammaproteobacteria;o__Burkholderiales;f__Burkholderiaceae;g__Burkholderia-Caballeronia-Paraburkholderia,barcode-sequence,biome,location,sex,rp,name,plate-id,rundate,lifestage,generation,pool,region,indexing
C-BISB124204401,0.0,0.0,1476.0,0.0,0.0,33.0,0.0,64.0,50.0,0.0,0.0,411.0,832.0,75.0,378.0,64.0,21.0,145.0,57.0,98.0,84.0,0.0,360.0,0.0,233.0,20.0,155.0,79.0,0.0,0.0,30.0,0.0,140.0,0.0,17.0,0.0,2.0,0.0,97.0,0.0,18.0,0.0,91.0,0.0,0.0,181.0,37.0,0.0,0.0,0.0,0.0,0.0,0.0,0.0,125.0,0.0,0.0,0.0,0.0,163.0,0.0,65.0,0.0,0.0,0.0,34.0,101.0,0.0,0.0,0.0,42.0,49.0,37.0,0.0,0.0,75.0,0.0,27.0,0.0,0.0,0.0,0.0,0.0,14.0,CTTCGACT,wild caught SB,SB,male,Rp+,C-BISB124204401,86,112122,A,NA,N,V1V2,udi
C-BISB129204301-1,0.0,0.0,1130.0,224.0,0.0,261.0,134.0,361.0,150.0,0.0,0.0,1355.0,4395.0,0.0,298.0,0.0,0.0,443.0,1224.0,111.0,0.0,169.0,0.0,506.0,0.0,145.0,926.0,0.0,93.0,0.0,214.0,124.0,307.0,0.0,107.0,0.0,223.0,7531.0,308.0,455.0,0.0,0.0,155.0,0.0,198.0,411.0,55.0,136.0,0.0,0.0,0.0,0.0,0.0,162.0,0.0,0.0,37.0,0.0,0.0,4552.0,216.0,330.0,0.0,0.0,0.0,0.0,0.0,0.0,0.0,138.0,0.0,0.0,110.0,0.0,0.0,0.0,0.0,0.0,0.0,0.0,0.0,0.0,0.0,117.0,TGGCATGT,wild caught SB,SB,female,Rp+,C-BISB129204301-1,53,112122,A,NA,N,V1V2,udi
C-BISB129204301-2,0.0,105.0,464.0,0.0,0.0,0.0,69.0,177.0,334.0,0.0,0.0,2600.0,2992.0,0.0,0.0,0.0,0.0,937.0,374.0,0.0,0.0,123.0,0.0,268.0,542.0,87.0,0.0,0.0,0.0,0.0,0.0,33.0,348.0,0.0,0.0,0.0,118.0,0.0,197.0,0.0,0.0,0.0,163.0,0.0,0.0,683.0,0.0,223.0,0.0,0.0,0.0,0.0,0.0,0.0,0.0,0.0,0.0,0.0,0.0,4275.0,0.0,322.0,96.0,0.0,131.0,0.0,0.0,209.0,0.0,0.0,0.0,0.0,0.0,170.0,0.0,0.0,0.0,0.0,0.0,111.0,0.0,0.0,294.0,0.0,CGCAATCT,wild caught SB,SB,female,Rp-,C-BISB129204301-2,62,112122,A,NA,N,V1V2,udi
C-BISB129204302-10,0.0,0.0,1357.0,0.0,0.0,70.0,0.0,237.0,229.0,0.0,0.0,1734.0,4845.0,0.0,140.0,0.0,0.0,1443.0,0.0,0.0,0.0,445.0,0.0,150.0,400.0,0.0,439.0,0.0,0.0,0.0,0.0,63.0,1116.0,0.0,0.0,295.0,20.0,0.0,393.0,150.0,211.0,0.0,0.0,0.0,0.0,610.0,0.0,0.0,0.0,0.0,0.0,0.0,0.0,0.0,0.0,0.0,67.0,0.0,0.0,3255.0,0.0,685.0,106.0,212.0,0.0,0.0,0.0,173.0,0.0,221.0,0.0,0.0,0.0,0.0,0.0,0.0,0.0,0.0,0.0,0.0,100.0,156.0,0.0,0.0,TGCTTCCA,wild caught SB,SB,female,Rp-,C-BISB129204302-10,87,112122,A,NA,N,V1V2,udi
C-BISB129204302-11,280.0,0.0,2460.0,0.0,0.0,0.0,0.0,2540.0,324.0,397.0,384.0,4212.0,8183.0,0.0,0.0,0.0,0.0,1088.0,351.0,0.0,0.0,199.0,0.0,1310.0,1178.0,0.0,1547.0,441.0,358.0,0.0,0.0,0.0,799.0,0.0,153.0,0.0,414.0,0.0,993.0,0.0,185.0,0.0,436.0,0.0,979.0,440.0,0.0,0.0,0.0,0.0,0.0,0.0,0.0,223.0,0.0,0.0,0.0,0.0,0.0,21817.0,0.0,300.0,615.0,0.0,0.0,0.0,23.0,0.0,182.0,0.0,0.0,0.0,0.0,0.0,0.0,0.0,0.0,0.0,119.0,0.0,0.0,0.0,0.0,0.0,CACTAGCT,wild caught SB,SB,female,Rp+,C-BISB129204302-11,76,112122,A,NA,N,V1V2,udi
C-BISB129204302-2,143.0,0.0,2038.0,0.0,0.0,0.0,0.0,0.0,219.0,0.0,0.0,967.0,2005.0,25.0,13969.0,0.0,0.0,361.0,23.0,0.0,60.0,0.0,176.0,1473.0,43.0,38.0,305.0,41.0,109.0,0.0,0.0,0.0,532.0,114.0,14.0,0.0,0.0,0.0,303.0,0.0,73.0,435.0,2282.0,0.0,0.0,74.0,50.0,0.0,0.0,0.0,121.0,0.0,0.0,0.0,0.0,0.0,48.0,0.0,0.0,746.0,56.0,0.0,0.0,0.0,0.0,0.0,0.0,0.0,0.0,67.0,0.0,0.0,135.0,0.0,0.0,406.0,0.0,0.0,0.0,0.0,0.0,0.0,0.0,0.0,TTCGTTGG,wild caught SB,SB,female,Rp+,C-BISB129204302-2,23,112122,A,NA,N,V1V2,udi
C-BISB129204302-3,13.0,4.0,1669.0,9.0,0.0,78.0,0.0,1082.0,111.0,59.0,244.0,1447.0,11129.0,0.0,100.0,0.0,0.0,2109.0,6.0,0.0,0.0,61.0,70.0,76.0,30.0,10.0,165.0,0.0,29.0,10.0,0.0,208.0,1647.0,0.0,0.0,0.0,207.0,30.0,335.0,0.0,30.0,509.0,18.0,0.0,315.0,1005.0,0.0,20.0,32.0,0.0,0.0,0.0,0.0,26.0,0.0,0.0,0.0,0.0,0.0,95.0,0.0,354.0,58.0,190.0,0.0,19.0,37.0,0.0,0.0,48.0,0.0,0.0,11.0,0.0,0.0,7.0,20.0,52.0,0.0,0.0,0.0,0.0,159.0,59.0,GTTGACCT,wild caught SB,SB,female,Rp+,C-BISB129204302-3,73,112122,A,NA,N,V1V2,udi
C-BISB129204302-4,0.0,0.0,231.0,8.0,0.0,0.0,4.0,19.0,5.0,0.0,0.0,67.0,164.0,0.0,82.0,0.0,0.0,0.0,73.0,0.0,65.0,38.0,24.0,110.0,38.0,0.0,76.0,44.0,11.0,0.0,0.0,0.0,92.0,80.0,0.0,5.0,0.0,78688.0,22.0,0.0,33.0,0.0,89.0,0.0,0.0,23.0,0.0,0.0,16.0,0.0,83.0,0.0,0.0,0.0,21.0,0.0,10.0,0.0,0.0,32.0,45.0,6.0,38.0,17.0,0.0,0.0,32.0,0.0,0.0,17.0,0.0,0.0,68.0,0.0,0.0,13.0,0.0,0.0,13.0,10.0,0.0,7.0,14.0,0.0,GACGATCT,wild caught SB,SB,female,Rp+,C-BISB129204302-4,17,112122,A,NA,N,V1V2,udi
C-BISB129204302-5,133.0,0.0,1148.0,0.0,22.0,0.0,0.0,48.0,124.0,40.0,0.0,420.0,1442.0,0.0,0.0,0.0,20.0,329.0,84.0,0.0,0.0,0.0,244.0,580.0,118.0,55.0,0.0,22.0,77.0,0.0,0.0,6.0,189.0,61.0,90.0,0.0,36.0,216.0,0.0,0.0,87.0,655.0,51.0,0.0,0.0,53.0,0.0,0.0,0.0,0.0,99.0,0.0,0.0,0.0,12.0,0.0,47.0,0.0,0.0,168.0,0.0,81.0,54.0,0.0,0.0,0.0,76.0,57.0,0.0,37.0,0.0,0.0,0.0,0.0,0.0,0.0,0.0,0.0,0.0,0.0,0.0,0.0,0.0,0.0,ACTCTCGA,wild caught SB,SB,female,Rp+,C-BISB129204302-5,2,112122,A,NA,N,V1V2,udi
C-BISB129204302-9,601.0,0.0,7135.0,0.0,0.0,0.0,255.0,1047.0,890.0,0.0,0.0,9267.0,12330.0,0.0,0.0,0.0,0.0,2391.0,0.0,0.0,0.0,0.0,5033.0,6548.0,525.0,533.0,0.0,0.0,639.0,0.0,0.0,0.0,2703.0,0.0,0.0,0.0,383.0,0.0,1202.0,0.0,0.0,0.0,2801.0,0.0,0.0,2742.0,0.0,0.0,0.0,0.0,0.0,0.0,461.0,0.0,0.0,323.0,494.0,0.0,0.0,20888.0,0.0,501.0,795.0,0.0,0.0,0.0,1194.0,0.0,0.0,492.0,900.0,0.0,0.0,0.0,0.0,3405.0,0.0,0.0,0.0,0.0,0.0,0.0,0.0,0.0,GATAGGCT,wild caught SB,SB,female,Rp-,C-BISB129204302-9,60,112122,A,NA,N,V1V2,udi
C-BISB129204401-1,844.0,0.0,3477.0,0.0,0.0,0.0,0.0,955.0,0.0,0.0,0.0,7039.0,27789.0,290.0,0.0,0.0,0.0,1618.0,1150.0,0.0,0.0,0.0,6571.0,592.0,1700.0,0.0,1405.0,0.0,545.0,0.0,0.0,0.0,3660.0,0.0,0.0,0.0,0.0,0.0,937.0,0.0,0.0,0.0,3377.0,0.0,0.0,2721.0,0.0,0.0,0.0,0.0,0.0,0.0,0.0,0.0,0.0,0.0,0.0,0.0,0.0,7217.0,0.0,2754.0,0.0,0.0,0.0,0.0,0.0,0.0,0.0,0.0,0.0,0.0,0.0,0.0,0.0,0.0,0.0,0.0,0.0,0.0,0.0,667.0,0.0,742.0,CTGATCGT,wild caught SB,SB,male,Rp-,C-BISB129204401-1,1,112122,A,NA,N,V1V2,udi
C-BISB129204401-2,588.0,0.0,1549.0,0.0,0.0,0.0,345.0,3507.0,0.0,1034.0,265.0,9386.0,11795.0,0.0,465.0,0.0,264.0,1402.0,0.0,0.0,0.0,536.0,0.0,0.0,990.0,716.0,909.0,0.0,1475.0,1320.0,0.0,0.0,7772.0,0.0,0.0,0.0,487.0,0.0,548.0,0.0,1231.0,833.0,0.0,0.0,0.0,4130.0,0.0,0.0,0.0,0.0,0.0,0.0,0.0,0.0,0.0,0.0,188.0,335.0,0.0,902.0,0.0,3607.0,2581.0,0.0,0.0,627.0,1186.0,0.0,44.0,1144.0,0.0,0.0,0.0,0.0,0.0,0.0,0.0,0.0,0.0,0.0,343.0,0.0,0.0,0.0,AACGTCTG,wild caught SB,SB,male,Rp-,C-BISB129204401-2,67,112122,A,NA,N,V1V2,udi
C-BISB129204401-3,0.0,0.0,0.0,131.0,0.0,0.0,520.0,678.0,1088.0,181.0,0.0,4040.0,8726.0,0.0,466.0,0.0,0.0,2181.0,0.0,0.0,0.0,0.0,0.0,0.0,1908.0,739.0,1598.0,0.0,985.0,0.0,0.0,0.0,2147.0,0.0,0.0,0.0,0.0,0.0,1074.0,0.0,2271.0,0.0,0.0,0.0,520.0,1477.0,0.0,0.0,0.0,0.0,0.0,0.0,0.0,207.0,0.0,131.0,163.0,0.0,0.0,726.0,0.0,1042.0,2171.0,369.0,0.0,0.0,651.0,0.0,692.0,395.0,0.0,0.0,0.0,0.0,0.0,0.0,354.0,0.0,0.0,0.0,701.0,337.0,0.0,0.0,CACCTGTT,wild caught SB,SB,male,Rp+,C-BISB129204401-3,85,112122,A,NA,N,V1V2,udi
C-BISB129204401-4,0.0,0.0,247.0,0.0,0.0,0.0,0.0,1258.0,0.0,0.0,0.0,6207.0,10312.0,371.0,0.0,0.0,0.0,1531.0,0.0,0.0,0.0,0.0,0.0,0.0,264.0,0.0,408.0,0.0,715.0,0.0,0.0,0.0,4377.0,0.0,0.0,0.0,0.0,198.0,896.0,0.0,600.0,0.0,0.0,0.0,0.0,590.0,0.0,0.0,0.0,0.0,0.0,0.0,0.0,0.0,0.0,0.0,0.0,0.0,746.0,828.0,0.0,1093.0,0.0,245.0,0.0,0.0,0.0,0.0,0.0,619.0,0.0,0.0,0.0,0.0,0.0,0.0,0.0,0.0,396.0,0.0,0.0,0.0,0.0,0.0,GATTGCTC,wild caught SB,SB,male,Rp-,C-BISB129204401-4,64,112122,A,NA,N,V1V2,udi
C-BISB129204401-5,5191.0,0.0,2153.0,0.0,0.0,0.0,904.0,0.0,273.0,0.0,0.0,2870.0,17040.0,0.0,0.0,0.0,0.0,4986.0,0.0,0.0,0.0,0.0,4.0,0.0,1014.0,393.0,1500.0,0.0,1525.0,0.0,0.0,0.0,3871.0,0.0,0.0,0.0,1050.0,0.0,166.0,0.0,1242.0,0.0,0.0,0.0,0.0,1097.0,0.0,0.0,0.0,0.0,0.0,0.0,0.0,0.0,0.0,0.0,0.0,0.0,0.0,7369.0,0.0,1009.0,0.0,0.0,0.0,0.0,641.0,0.0,0.0,0.0,0.0,0.0,0.0,0.0,0.0,0.0,0.0,0.0,0.0,0.0,0.0,0.0,0.0,0.0,TCGCTGTT,wild caught SB,SB,male,Rp-,C-BISB129204401-5,22,112122,A,NA,N,V1V2,udi
C-BISB134204301-1,112.0,0.0,12138.0,0.0,0.0,205.0,450.0,344.0,1119.0,272.0,121.0,2888.0,4654.0,168.0,1447.0,0.0,0.0,1495.0,399.0,0.0,0.0,590.0,2887.0,625.0,894.0,0.0,253.0,0.0,301.0,0.0,0.0,213.0,1835.0,1244.0,864.0,0.0,276.0,0.0,0.0,0.0,615.0,0.0,358.0,0.0,216.0,316.0,698.0,0.0,0.0,0.0,0.0,0.0,0.0,0.0,0.0,371.0,643.0,207.0,88.0,2250.0,0.0,269.0,1403.0,354.0,196.0,101.0,556.0,0.0,0.0,0.0,81.0,0.0,41.0,0.0,48.0,1091.0,127.0,0.0,0.0,0.0,0.0,0.0,0.0,0.0,AACCGTTC,wild caught SB,SB,female,Rp-,C-BISB134204301-1,94,112122,A,NA,N,V1V2,udi
C-BISB134204301-2,100.0,0.0,6472.0,0.0,0.0,0.0,0.0,142.0,291.0,0.0,0.0,673.0,1868.0,2251.0,10644.0,0.0,0.0,462.0,17.0,0.0,0.0,0.0,2184.0,1428.0,479.0,63.0,62.0,0.0,92.0,0.0,0.0,0.0,755.0,309.0,427.0,0.0,32.0,0.0,274.0,0.0,0.0,0.0,716.0,0.0,8.0,187.0,0.0,0.0,0.0,0.0,346.0,0.0,0.0,0.0,0.0,132.0,0.0,0.0,0.0,1149.0,0.0,0.0,0.0,68.0,0.0,0.0,0.0,0.0,0.0,0.0,0.0,0.0,240.0,0.0,0.0,17.0,0.0,0.0,0.0,0.0,0.0,2.0,0.0,0.0,GTTGTTCG,wild caught SB,SB,female,Rp-,C-BISB134204301-2,41,112122,A,NA,N,V1V2,udi
C-BISB134204401,130.0,0.0,1424.0,0.0,0.0,125.0,0.0,630.0,994.0,169.0,98.0,8898.0,27226.0,78.0,1966.0,0.0,0.0,6859.0,0.0,0.0,51.0,2069.0,218.0,0.0,880.0,86.0,2513.0,0.0,51.0,0.0,0.0,18.0,3552.0,52.0,0.0,429.0,148.0,0.0,1125.0,13.0,184.0,2594.0,414.0,0.0,1369.0,1498.0,75.0,0.0,0.0,0.0,0.0,0.0,0.0,87.0,0.0,0.0,307.0,0.0,0.0,451.0,0.0,3682.0,55.0,0.0,53.0,0.0,0.0,23.0,0.0,406.0,513.0,0.0,0.0,0.0,0.0,0.0,147.0,196.0,0.0,0.0,0.0,39.0,0.0,0.0,GTCGAAGA,wild caught SB,SB,male,Rp-,C-BISB134204401,26,112122,A,NA,N,V1V2,udi
C-BISB137204301,156.0,0.0,21019.0,0.0,0.0,0.0,0.0,119.0,51.0,0.0,0.0,1880.0,3268.0,2350.0,1113.0,0.0,0.0,248.0,376.0,0.0,1019.0,0.0,5703.0,291.0,169.0,335.0,298.0,129.0,31.0,296.0,0.0,1730.0,619.0,81.0,885.0,126.0,79.0,123.0,394.0,0.0,206.0,0.0,3483.0,0.0,0.0,311.0,498.0,0.0,0.0,0.0,209.0,0.0,0.0,0.0,0.0,0.0,14.0,0.0,0.0,5145.0,0.0,143.0,63.0,142.0,0.0,0.0,0.0,0.0,0.0,427.0,0.0,0.0,66.0,0.0,212.0,414.0,0.0,0.0,0.0,0.0,0.0,0.0,133.0,0.0,GCTATCCT,wild caught SB,SB,female,Rp-,C-BISB137204301,12,112122,A,NA,N,V1V2,udi
C-BISB229204301,264.0,0.0,0.0,0.0,0.0,0.0,100.0,579.0,378.0,76.0,120.0,783.0,2972.0,0.0,0.0,0.0,0.0,684.0,0.0,0.0,0.0,0.0,163.0,0.0,328.0,0.0,81.0,0.0,0.0,0.0,0.0,0.0,755.0,31.0,147.0,18.0,0.0,0.0,259.0,0.0,766.0,0.0,0.0,0.0,152.0,356.0,0.0,0.0,0.0,88.0,0.0,0.0,0.0,0.0,0.0,0.0,48.0,0.0,0.0,386.0,0.0,296.0,39.0,65.0,0.0,0.0,173.0,190.0,0.0,39.0,132.0,0.0,0.0,0.0,0.0,0.0,0.0,0.0,0.0,0.0,0.0,0.0,0.0,0.0,GAATCCGA,wild caught SB,SB,female,Rp+,C-BISB229204301,21,112122,A,NA,N,V1V2,udi
C-CV122204301,929.0,0.0,806.0,0.0,0.0,0.0,111.0,472.0,0.0,0.0,0.0,3570.0,11360.0,0.0,2330.0,0.0,0.0,1092.0,0.0,0.0,0.0,0.0,0.0,347.0,1828.0,398.0,0.0,23.0,208.0,0.0,0.0,0.0,304.0,0.0,0.0,0.0,34.0,0.0,383.0,0.0,368.0,0.0,0.0,0.0,0.0,2305.0,0.0,0.0,0.0,0.0,193.0,0.0,0.0,0.0,0.0,145.0,245.0,0.0,0.0,1069.0,253.0,1261.0,350.0,0.0,0.0,0.0,250.0,0.0,0.0,263.0,0.0,178.0,244.0,0.0,0.0,0.0,0.0,0.0,320.0,0.0,0.0,0.0,0.0,488.0,TGGACTCT,wild caught CV,CV,female,Rp-,C-CV122204301,14,112122,A,NA,N,V1V2,udi
C-CV122204401-1,11.0,0.0,865.0,0.0,0.0,0.0,0.0,43.0,44.0,0.0,0.0,119.0,717.0,13.0,1893.0,103.0,0.0,95.0,40.0,14.0,364.0,11.0,67.0,61.0,17.0,0.0,107.0,25.0,0.0,0.0,90.0,36.0,36.0,272.0,13.0,10.0,47.0,0.0,59.0,0.0,13.0,0.0,83.0,19.0,0.0,16.0,63.0,0.0,46.0,0.0,35.0,0.0,0.0,0.0,224.0,22.0,0.0,0.0,0.0,9.0,101.0,67.0,0.0,0.0,0.0,0.0,0.0,12.0,0.0,16.0,0.0,165.0,25.0,0.0,105.0,91.0,0.0,0.0,0.0,192.0,13.0,0.0,0.0,93.0,TGGTAGCT,wild caught CV,CV,male,Rp+,C-CV122204401-1,61,112122,A,NA,N,V1V2,udi
C-CV122204401-2,36.0,29.0,0.0,193.0,0.0,213.0,21.0,1133.0,290.0,186.0,7.0,5818.0,16814.0,0.0,0.0,0.0,7.0,5327.0,0.0,0.0,0.0,383.0,0.0,0.0,136.0,212.0,885.0,0.0,73.0,0.0,0.0,0.0,1860.0,0.0,0.0,39.0,373.0,13.0,574.0,0.0,46.0,0.0,0.0,0.0,291.0,2688.0,0.0,0.0,0.0,0.0,0.0,0.0,0.0,150.0,0.0,0.0,35.0,22.0,0.0,111.0,0.0,1919.0,36.0,378.0,7.0,0.0,417.0,48.0,0.0,121.0,202.0,0.0,0.0,0.0,0.0,0.0,0.0,13.0,0.0,0.0,18.0,0.0,0.0,0.0,GTAGGAGT,wild caught CV,CV,male,Rp+,C-CV122204401-2,78,112122,A,NA,N,V1V2,udi
C-CV122204401-3,0.0,0.0,0.0,0.0,0.0,16.0,225.0,64.0,438.0,0.0,0.0,504.0,1485.0,0.0,0.0,0.0,0.0,336.0,0.0,0.0,0.0,104.0,8.0,0.0,228.0,0.0,0.0,0.0,0.0,0.0,0.0,0.0,106.0,0.0,0.0,0.0,0.0,0.0,102.0,0.0,464.0,0.0,0.0,0.0,56.0,195.0,0.0,0.0,0.0,0.0,0.0,0.0,26.0,0.0,0.0,0.0,40.0,53.0,0.0,42.0,0.0,175.0,280.0,116.0,28.0,82.0,0.0,0.0,0.0,0.0,0.0,0.0,0.0,0.0,0.0,0.0,0.0,0.0,0.0,0.0,54.0,32.0,0.0,0.0,ATCACACG,wild caught CV,CV,male,Rp+,C-CV122204401-3,84,112122,A,NA,N,V1V2,udi
C-CV123204401,0.0,0.0,38.0,0.0,0.0,91.0,153.0,159.0,492.0,43.0,0.0,488.0,2050.0,0.0,178.0,0.0,0.0,315.0,0.0,0.0,0.0,0.0,0.0,0.0,348.0,49.0,562.0,0.0,98.0,0.0,0.0,0.0,126.0,0.0,0.0,0.0,8.0,81.0,519.0,0.0,550.0,0.0,0.0,0.0,0.0,406.0,0.0,0.0,0.0,0.0,0.0,0.0,0.0,0.0,0.0,0.0,35.0,0.0,0.0,25.0,0.0,248.0,752.0,60.0,90.0,0.0,77.0,0.0,98.0,60.0,0.0,0.0,0.0,26.0,0.0,0.0,0.0,0.0,0.0,0.0,0.0,0.0,0.0,0.0,GTTCTCGT,wild caught CV,CV,male,Rp+,C-CV123204401,89,112122,A,NA,N,V1V2,udi
C-CV124204301-1,59.0,0.0,895.0,0.0,0.0,0.0,17.0,72.0,40.0,26.0,0.0,538.0,4366.0,0.0,2947.0,11.0,0.0,728.0,259.0,179.0,12.0,0.0,190.0,72.0,69.0,31.0,136.0,76.0,85.0,121.0,0.0,20.0,963.0,234.0,55.0,0.0,0.0,0.0,82.0,0.0,19.0,0.0,89.0,0.0,0.0,123.0,66.0,0.0,0.0,0.0,17.0,0.0,0.0,0.0,23.0,0.0,29.0,228.0,0.0,292.0,0.0,183.0,46.0,22.0,32.0,29.0,52.0,33.0,73.0,0.0,0.0,81.0,132.0,0.0,0.0,0.0,0.0,0.0,0.0,87.0,18.0,0.0,0.0,95.0,CTGTTGAC,wild caught CV,CV,female,Rp+,C-CV124204301-1,54,112122,A,NA,N,V1V2,udi
C-CV124204301-2,484.0,0.0,945.0,0.0,0.0,0.0,0.0,3216.0,554.0,0.0,0.0,14877.0,23257.0,0.0,454.0,0.0,0.0,10256.0,0.0,0.0,0.0,764.0,0.0,729.0,0.0,1402.0,1871.0,0.0,0.0,0.0,0.0,0.0,8642.0,0.0,334.0,0.0,0.0,0.0,1293.0,0.0,0.0,0.0,0.0,0.0,0.0,987.0,0.0,0.0,0.0,0.0,0.0,0.0,0.0,0.0,0.0,0.0,0.0,0.0,0.0,4379.0,0.0,2168.0,1910.0,597.0,0.0,0.0,594.0,0.0,0.0,0.0,0.0,0.0,0.0,0.0,0.0,0.0,0.0,0.0,0.0,0.0,0.0,0.0,0.0,0.0,AGCACTTC,wild caught CV,CV,female,Rp-,C-CV124204301-2,39,112122,A,NA,N,V1V2,udi
C-CV124204301-3,0.0,0.0,677.0,0.0,0.0,269.0,394.0,873.0,382.0,126.0,298.0,2625.0,10989.0,0.0,0.0,863.0,0.0,2294.0,359.0,181.0,0.0,242.0,453.0,993.0,238.0,274.0,525.0,0.0,0.0,0.0,120.0,0.0,465.0,0.0,369.0,0.0,1856.0,146.0,267.0,0.0,2087.0,0.0,196.0,124.0,140.0,1323.0,0.0,0.0,0.0,0.0,200.0,0.0,0.0,341.0,0.0,259.0,0.0,0.0,0.0,2065.0,146.0,587.0,895.0,829.0,0.0,0.0,1304.0,0.0,0.0,0.0,0.0,0.0,132.0,0.0,0.0,0.0,169.0,0.0,0.0,0.0,191.0,184.0,0.0,0.0,CAGTCCAA,wild caught CV,CV,female,Rp+,C-CV124204301-3,69,112122,A,NA,N,V1V2,udi
C-CV124204301-4,365.0,0.0,576.0,0.0,0.0,0.0,96.0,157.0,905.0,109.0,0.0,2187.0,3620.0,0.0,0.0,0.0,0.0,532.0,390.0,0.0,0.0,0.0,0.0,0.0,1019.0,0.0,118.0,0.0,128.0,0.0,0.0,165.0,952.0,0.0,210.0,0.0,0.0,0.0,163.0,0.0,233.0,0.0,267.0,0.0,159.0,585.0,131.0,0.0,0.0,0.0,0.0,76.0,0.0,0.0,143.0,304.0,309.0,0.0,0.0,1284.0,0.0,84.0,638.0,13.0,0.0,0.0,382.0,0.0,0.0,83.0,88.0,0.0,0.0,0.0,90.0,0.0,0.0,0.0,0.0,0.0,0.0,0.0,0.0,0.0,AGAACGAG,wild caught CV,CV,female,Rp+,C-CV124204301-4,88,112122,A,NA,N,V1V2,udi
C-CV125204301,43.0,0.0,245.0,0.0,0.0,0.0,34.0,161.0,64.0,0.0,0.0,311.0,1054.0,0.0,0.0,0.0,0.0,185.0,0.0,0.0,0.0,239.0,46.0,39.0,25.0,0.0,136.0,0.0,190.0,0.0,0.0,0.0,262.0,0.0,0.0,0.0,36.0,0.0,264.0,110.0,81.0,1231.0,0.0,0.0,0.0,363.0,0.0,0.0,0.0,0.0,0.0,0.0,0.0,0.0,0.0,0.0,36.0,0.0,0.0,704.0,0.0,67.0,81.0,34.0,0.0,0.0,62.0,0.0,0.0,0.0,0.0,0.0,0.0,86.0,0.0,0.0,0.0,0.0,0.0,0.0,0.0,0.0,0.0,0.0,CGACGTTA,wild caught CV,CV,female,Rp+,C-CV125204301,81,112122,A,NA,N,V1V2,udi
C-CV126204301-1,274.0,0.0,1292.0,0.0,273.0,614.0,566.0,541.0,457.0,0.0,0.0,1272.0,16524.0,0.0,0.0,0.0,61.0,1755.0,407.0,0.0,0.0,0.0,746.0,558.0,316.0,0.0,1009.0,0.0,15.0,0.0,0.0,0.0,1815.0,100.0,674.0,219.0,0.0,0.0,306.0,0.0,1623.0,0.0,1214.0,0.0,121.0,1736.0,81.0,0.0,0.0,0.0,0.0,0.0,0.0,0.0,0.0,0.0,0.0,0.0,183.0,155.0,0.0,422.0,720.0,579.0,0.0,0.0,0.0,695.0,0.0,0.0,0.0,0.0,0.0,175.0,0.0,0.0,130.0,938.0,0.0,189.0,0.0,0.0,0.0,0.0,CTTAGGAC,wild caught CV,CV,female,Rp+,C-CV126204301-1,19,112122,A,NA,N,V1V2,udi
C-CV126204301-2,75.0,0.0,139.0,0.0,0.0,0.0,18.0,55.0,31.0,0.0,0.0,150.0,1140.0,0.0,22.0,0.0,0.0,167.0,29.0,33.0,0.0,0.0,48.0,30.0,59.0,0.0,171.0,13.0,85.0,0.0,0.0,0.0,162.0,80.0,0.0,0.0,0.0,0.0,136.0,0.0,29.0,0.0,85.0,0.0,0.0,102.0,0.0,0.0,0.0,0.0,33.0,0.0,9.0,0.0,0.0,21.0,0.0,0.0,0.0,677.0,0.0,36.0,0.0,49.0,24.0,0.0,67.0,0.0,0.0,0.0,52.0,0.0,111.0,0.0,0.0,0.0,0.0,0.0,0.0,0.0,0.0,0.0,0.0,0.0,ATGCCTGT,wild caught CV,CV,female,Rp+,C-CV126204301-2,35,112122,A,NA,N,V1V2,udi
C-CV126204301-3,0.0,7.0,365.0,0.0,0.0,90.0,0.0,283.0,345.0,0.0,0.0,1189.0,2480.0,0.0,0.0,0.0,0.0,135.0,0.0,0.0,0.0,0.0,280.0,0.0,162.0,0.0,215.0,0.0,0.0,0.0,0.0,0.0,299.0,117.0,0.0,0.0,0.0,0.0,148.0,146.0,313.0,0.0,99.0,0.0,0.0,434.0,43.0,0.0,0.0,0.0,0.0,0.0,0.0,0.0,0.0,0.0,0.0,0.0,0.0,392.0,0.0,0.0,0.0,0.0,0.0,0.0,0.0,0.0,0.0,81.0,0.0,0.0,0.0,0.0,0.0,76.0,0.0,0.0,0.0,0.0,0.0,0.0,0.0,0.0,ATCCGGTA,wild caught CV,CV,female,Rp+,C-CV126204301-3,31,112122,A,NA,N,V1V2,udi
C-CV126204301-5,63.0,0.0,7213.0,0.0,0.0,0.0,0.0,0.0,47.0,0.0,0.0,643.0,1887.0,0.0,8741.0,4614.0,0.0,0.0,470.0,276.0,2886.0,0.0,708.0,2078.0,403.0,0.0,0.0,47.0,156.0,0.0,1247.0,274.0,293.0,1886.0,442.0,0.0,0.0,0.0,0.0,0.0,111.0,0.0,3391.0,1317.0,0.0,275.0,633.0,0.0,86.0,0.0,373.0,0.0,0.0,0.0,1612.0,160.0,0.0,0.0,0.0,39.0,1437.0,0.0,28.0,0.0,0.0,94.0,0.0,224.0,0.0,0.0,0.0,745.0,712.0,0.0,222.0,510.0,0.0,0.0,0.0,2129.0,0.0,0.0,306.0,291.0,TACGCTAC,wild caught CV,CV,female,Rp-,C-CV126204301-5,13,112122,A,NA,N,V1V2,udi
C-CV126204401-2,398.0,344.0,1296.0,0.0,0.0,0.0,205.0,140.0,659.0,0.0,0.0,3815.0,12156.0,0.0,182.0,0.0,0.0,2421.0,0.0,0.0,228.0,318.0,435.0,359.0,753.0,0.0,530.0,0.0,358.0,0.0,0.0,0.0,2341.0,0.0,0.0,0.0,0.0,26014.0,2068.0,0.0,103.0,0.0,1758.0,0.0,0.0,649.0,402.0,0.0,0.0,0.0,0.0,0.0,0.0,0.0,0.0,0.0,0.0,0.0,0.0,1620.0,0.0,921.0,336.0,803.0,0.0,0.0,216.0,0.0,0.0,138.0,0.0,0.0,0.0,0.0,0.0,0.0,0.0,462.0,0.0,0.0,0.0,0.0,0.0,0.0,ACTGAGGT,wild caught CV,CV,male,Rp-,C-CV126204401-2,43,112122,A,NA,N,V1V2,udi
C-CV126204401-3,8.0,0.0,39.0,0.0,0.0,0.0,0.0,26.0,44.0,0.0,0.0,99.0,431.0,0.0,0.0,0.0,0.0,42.0,0.0,0.0,0.0,0.0,0.0,36.0,88.0,0.0,40.0,0.0,0.0,0.0,0.0,71.0,132.0,0.0,0.0,0.0,0.0,287.0,19.0,0.0,102.0,0.0,18.0,0.0,0.0,47.0,0.0,0.0,0.0,0.0,0.0,0.0,0.0,0.0,0.0,0.0,0.0,0.0,0.0,96.0,0.0,41.0,0.0,11.0,0.0,0.0,18.0,0.0,0.0,0.0,0.0,0.0,0.0,0.0,0.0,0.0,0.0,0.0,0.0,0.0,0.0,0.0,0.0,0.0,GAGCAGTA,wild caught CV,CV,male,Rp+,C-CV126204401-3,49,112122,A,NA,N,V1V2,udi
C-CV126204401-4,0.0,0.0,197.0,10.0,0.0,0.0,0.0,54.0,103.0,0.0,0.0,614.0,1770.0,0.0,71.0,0.0,0.0,300.0,0.0,0.0,0.0,58.0,24.0,55.0,0.0,0.0,131.0,0.0,0.0,0.0,0.0,0.0,476.0,0.0,0.0,0.0,40.0,293.0,192.0,43.0,0.0,125.0,119.0,0.0,18.0,350.0,22.0,0.0,0.0,0.0,0.0,0.0,0.0,0.0,0.0,102.0,0.0,0.0,0.0,55.0,0.0,141.0,152.0,385.0,39.0,59.0,0.0,0.0,0.0,0.0,72.0,48.0,0.0,0.0,0.0,0.0,0.0,0.0,0.0,0.0,0.0,0.0,40.0,0.0,CATACCAC,wild caught CV,CV,male,Rp+,C-CV126204401-4,55,112122,A,NA,N,V1V2,udi
C-CV126204401-6,23.0,0.0,243.0,0.0,0.0,0.0,6.0,26.0,93.0,0.0,0.0,103.0,752.0,0.0,0.0,0.0,0.0,127.0,7.0,0.0,0.0,104.0,267.0,0.0,204.0,8.0,0.0,0.0,0.0,0.0,0.0,0.0,89.0,14.0,0.0,0.0,0.0,130.0,0.0,12.0,29.0,45.0,63.0,0.0,0.0,28.0,0.0,0.0,0.0,0.0,106.0,0.0,0.0,0.0,0.0,0.0,0.0,0.0,0.0,32.0,0.0,71.0,0.0,0.0,0.0,0.0,0.0,52.0,0.0,0.0,0.0,0.0,29.0,14.0,22.0,0.0,0.0,0.0,0.0,0.0,0.0,18.0,0.0,0.0,ACGGAACA,wild caught CV,CV,male,Rp+,C-CV126204401-6,8,112122,A,NA,N,V1V2,udi
C-CV126204401-7,0.0,188.0,3922.0,0.0,186.0,0.0,0.0,579.0,1133.0,0.0,0.0,4025.0,6612.0,240.0,0.0,0.0,0.0,558.0,106.0,0.0,0.0,410.0,549.0,436.0,1598.0,0.0,1579.0,0.0,495.0,0.0,0.0,0.0,1035.0,286.0,132.0,0.0,0.0,0.0,0.0,0.0,452.0,0.0,975.0,0.0,0.0,884.0,448.0,0.0,815.0,0.0,0.0,0.0,0.0,0.0,0.0,0.0,238.0,0.0,729.0,323.0,0.0,270.0,163.0,0.0,0.0,0.0,217.0,0.0,0.0,300.0,0.0,0.0,0.0,0.0,0.0,496.0,0.0,0.0,0.0,0.0,0.0,0.0,0.0,0.0,ATCGCCAT,wild caught CV,CV,male,Rp-,C-CV126204401-7,52,112122,A,NA,N,V1V2,udi
C-CV128204301,15.0,0.0,549.0,0.0,0.0,0.0,21.0,76.0,35.0,29.0,0.0,151.0,500.0,83.0,54.0,0.0,0.0,84.0,56.0,24.0,64.0,0.0,67.0,17.0,29.0,16.0,98.0,0.0,0.0,0.0,23.0,26.0,24.0,98.0,21.0,0.0,0.0,31.0,59.0,0.0,15.0,0.0,110.0,17.0,0.0,54.0,0.0,8.0,0.0,0.0,37.0,0.0,14.0,10.0,0.0,0.0,20.0,0.0,0.0,5081.0,0.0,47.0,135.0,0.0,0.0,0.0,25.0,0.0,0.0,0.0,0.0,10.0,17.0,0.0,24.0,20.0,0.0,0.0,0.0,0.0,0.0,0.0,0.0,58.0,CGCATGAT,wild caught CV,CV,male,Rp+,C-CV128204301,7,112122,A,NA,N,V1V2,udi
C-CV128204401-1,58.0,0.0,831.0,66.0,0.0,0.0,0.0,0.0,0.0,0.0,0.0,328.0,1409.0,84.0,71.0,0.0,0.0,210.0,77.0,0.0,0.0,56.0,90.0,0.0,59.0,18.0,81.0,0.0,20.0,0.0,0.0,50.0,135.0,0.0,0.0,0.0,0.0,0.0,107.0,0.0,0.0,0.0,184.0,0.0,67.0,173.0,75.0,16.0,0.0,0.0,0.0,0.0,0.0,0.0,39.0,0.0,0.0,0.0,0.0,2549.0,0.0,0.0,0.0,0.0,0.0,0.0,0.0,76.0,0.0,0.0,100.0,0.0,0.0,0.0,48.0,35.0,0.0,48.0,0.0,0.0,0.0,0.0,0.0,0.0,CATGGCTA,wild caught CV,CV,male,Rp+,C-CV128204401-1,34,112122,A,NA,N,V1V2,udi
C-CV128204401-2,34.0,0.0,1455.0,0.0,0.0,6.0,13.0,72.0,8.0,14.0,0.0,326.0,923.0,112.0,62.0,0.0,0.0,168.0,0.0,120.0,44.0,0.0,732.0,0.0,104.0,19.0,60.0,0.0,0.0,0.0,39.0,82.0,72.0,56.0,0.0,36.0,0.0,0.0,0.0,60.0,0.0,0.0,322.0,0.0,0.0,78.0,24.0,0.0,0.0,0.0,0.0,0.0,0.0,0.0,0.0,0.0,0.0,0.0,0.0,2066.0,0.0,0.0,0.0,0.0,0.0,0.0,35.0,0.0,0.0,40.0,0.0,0.0,12.0,0.0,0.0,0.0,0.0,0.0,0.0,0.0,0.0,0.0,6.0,477.0,ATCGATCG,wild caught CV,CV,male,Rp+,C-CV128204401-2,10,112122,A,NA,N,V1V2,udi
C-CV129204301,15.0,0.0,632.0,0.0,0.0,0.0,0.0,84.0,91.0,0.0,0.0,586.0,1328.0,26.0,115.0,0.0,0.0,123.0,146.0,0.0,0.0,93.0,80.0,60.0,103.0,0.0,129.0,0.0,0.0,0.0,0.0,0.0,253.0,100.0,132.0,0.0,52.0,0.0,79.0,0.0,0.0,0.0,65.0,0.0,45.0,266.0,0.0,20.0,162.0,0.0,0.0,37.0,0.0,0.0,0.0,0.0,36.0,0.0,0.0,5800.0,0.0,127.0,86.0,31.0,47.0,0.0,0.0,0.0,0.0,0.0,59.0,0.0,0.0,0.0,0.0,0.0,0.0,65.0,0.0,0.0,0.0,0.0,0.0,0.0,GATGTGTG,wild caught CV,CV,female,Rp+,C-CV129204301,63,112122,A,NA,N,V1V2,udi
C-CV129204401,47.0,0.0,486.0,0.0,0.0,0.0,0.0,92.0,0.0,43.0,0.0,420.0,1107.0,56.0,27.0,10.0,0.0,247.0,65.0,0.0,216.0,109.0,64.0,199.0,84.0,46.0,93.0,0.0,13.0,0.0,0.0,0.0,434.0,126.0,0.0,0.0,0.0,48.0,152.0,28.0,0.0,1912.0,34.0,20.0,43.0,202.0,0.0,0.0,0.0,0.0,0.0,0.0,0.0,0.0,0.0,0.0,0.0,0.0,0.0,0.0,0.0,42.0,0.0,0.0,0.0,0.0,0.0,0.0,0.0,0.0,24.0,0.0,26.0,0.0,0.0,0.0,0.0,0.0,0.0,31.0,0.0,0.0,11.0,0.0,CCTTGATC,wild caught CV,CV,male,Rp+,C-CV129204401,25,112122,A,NA,N,V1V2,udi
C-CV130204301,0.0,0.0,3391.0,0.0,0.0,14.0,0.0,72.0,194.0,20.0,0.0,691.0,2336.0,256.0,99.0,0.0,0.0,557.0,220.0,0.0,0.0,103.0,0.0,350.0,85.0,52.0,141.0,0.0,0.0,0.0,88.0,170.0,506.0,178.0,148.0,0.0,22.0,0.0,298.0,0.0,52.0,0.0,891.0,41.0,0.0,163.0,519.0,0.0,0.0,0.0,0.0,0.0,0.0,0.0,143.0,109.0,0.0,0.0,47.0,30314.0,0.0,349.0,68.0,0.0,0.0,0.0,111.0,77.0,0.0,73.0,0.0,0.0,0.0,0.0,82.0,0.0,0.0,0.0,0.0,33.0,0.0,0.0,381.0,0.0,ACGTTCAG,wild caught CV,CV,female,Rp+,C-CV130204301,68,112122,A,NA,N,V1V2,udi
C-CV132204301-1,19.0,0.0,1534.0,0.0,0.0,0.0,6.0,18.0,81.0,38.0,0.0,248.0,769.0,105.0,5004.0,0.0,0.0,101.0,15.0,0.0,0.0,100.0,265.0,426.0,130.0,33.0,43.0,0.0,22.0,0.0,25.0,0.0,99.0,24.0,0.0,0.0,23.0,0.0,18.0,0.0,77.0,415.0,132.0,0.0,0.0,51.0,0.0,0.0,39.0,0.0,89.0,0.0,0.0,0.0,0.0,12.0,16.0,0.0,0.0,392.0,0.0,24.0,0.0,0.0,0.0,0.0,45.0,0.0,12.0,18.0,35.0,0.0,89.0,30.0,0.0,0.0,0.0,0.0,0.0,0.0,0.0,0.0,0.0,0.0,CCTTGTAG,wild caught CV,CV,female,Rp+,C-CV132204301-1,91,112122,A,NA,N,V1V2,udi
C-CV132204301-2,75.0,0.0,1052.0,0.0,0.0,16.0,27.0,54.0,38.0,0.0,0.0,426.0,2654.0,0.0,67.0,0.0,0.0,574.0,0.0,0.0,0.0,0.0,473.0,890.0,80.0,0.0,92.0,0.0,90.0,0.0,0.0,0.0,700.0,132.0,124.0,0.0,42.0,0.0,404.0,0.0,85.0,0.0,174.0,0.0,0.0,429.0,11.0,0.0,0.0,0.0,46.0,0.0,0.0,0.0,76.0,72.0,0.0,0.0,31.0,23.0,0.0,202.0,130.0,157.0,0.0,48.0,169.0,0.0,0.0,0.0,0.0,0.0,0.0,0.0,73.0,0.0,0.0,0.0,40.0,0.0,50.0,0.0,0.0,0.0,ATGCACGA,wild caught CV,CV,female,Rp+,C-CV132204301-2,80,112122,A,NA,N,V1V2,udi
C-CV132204401,0.0,0.0,455.0,0.0,0.0,73.0,0.0,331.0,68.0,0.0,69.0,736.0,2212.0,23.0,79.0,0.0,0.0,168.0,0.0,0.0,0.0,0.0,41.0,0.0,209.0,0.0,58.0,0.0,0.0,0.0,0.0,0.0,248.0,0.0,38.0,0.0,37.0,0.0,228.0,0.0,0.0,3183.0,183.0,0.0,0.0,190.0,0.0,0.0,0.0,0.0,26.0,0.0,0.0,0.0,68.0,0.0,0.0,0.0,0.0,0.0,0.0,65.0,0.0,134.0,0.0,0.0,180.0,0.0,0.0,0.0,24.0,46.0,0.0,0.0,0.0,0.0,0.0,0.0,0.0,0.0,0.0,142.0,0.0,0.0,CCGTAAGA,wild caught CV,CV,male,Rp+,C-CV132204401,83,112122,A,NA,N,V1V2,udi
C-CV134204401,0.0,0.0,10422.0,0.0,0.0,0.0,0.0,0.0,0.0,169.0,0.0,1142.0,3798.0,218.0,334.0,0.0,37.0,863.0,993.0,0.0,77.0,0.0,4870.0,1205.0,152.0,0.0,0.0,424.0,69.0,0.0,0.0,277.0,516.0,1097.0,324.0,0.0,80.0,0.0,192.0,0.0,0.0,0.0,1370.0,166.0,0.0,702.0,721.0,0.0,0.0,0.0,0.0,0.0,51.0,66.0,61.0,0.0,0.0,117.0,0.0,481.0,0.0,0.0,198.0,100.0,0.0,0.0,0.0,0.0,0.0,0.0,0.0,0.0,118.0,0.0,0.0,166.0,0.0,0.0,0.0,0.0,0.0,0.0,0.0,0.0,AACTGAGC,wild caught CV,CV,male,Rp+,C-CV134204401,18,112122,A,NA,N,V1V2,udi
C-CV28204401-1,0.0,0.0,681.0,0.0,0.0,164.0,1205.0,170.0,3479.0,377.0,22.0,7137.0,9645.0,0.0,0.0,0.0,0.0,193.0,0.0,0.0,0.0,205.0,347.0,0.0,5049.0,0.0,675.0,0.0,109.0,432.0,0.0,0.0,841.0,0.0,253.0,0.0,239.0,167.0,120.0,0.0,2163.0,0.0,0.0,0.0,0.0,3309.0,0.0,0.0,0.0,0.0,0.0,0.0,0.0,0.0,0.0,0.0,153.0,0.0,0.0,1445.0,0.0,755.0,3372.0,336.0,920.0,0.0,501.0,472.0,0.0,0.0,0.0,0.0,0.0,0.0,0.0,0.0,0.0,594.0,0.0,0.0,744.0,0.0,176.0,0.0,TCAGGCTT,wild caught CV,CV,male,Rp+,C-CV28204401-1,90,112122,A,NA,N,V1V2,udi
C-CVX28194301-3,0.0,63.0,1293.0,0.0,0.0,46.0,49.0,180.0,259.0,100.0,22.0,828.0,2020.0,0.0,5639.0,60.0,10.0,182.0,63.0,0.0,16.0,128.0,818.0,120.0,551.0,0.0,204.0,76.0,39.0,20.0,36.0,0.0,166.0,36.0,34.0,0.0,0.0,0.0,95.0,0.0,412.0,0.0,0.0,42.0,29.0,173.0,231.0,0.0,59.0,0.0,218.0,0.0,52.0,14.0,108.0,47.0,116.0,12.0,0.0,22546.0,32.0,45.0,833.0,0.0,72.0,25.0,180.0,0.0,0.0,0.0,112.0,0.0,119.0,0.0,0.0,0.0,0.0,0.0,46.0,0.0,48.0,0.0,0.0,0.0,GAACATCG,wild caught CV,CV,female,Rp+,C-CVX28194301-3,92,112122,A,NA,N,V1V2,udi
C-RR223204301-2,0.0,0.0,5646.0,0.0,0.0,0.0,20.0,147.0,187.0,0.0,73.0,1763.0,2299.0,68.0,277.0,141.0,0.0,731.0,402.0,175.0,2238.0,0.0,141.0,203.0,211.0,40.0,592.0,56.0,92.0,0.0,0.0,693.0,531.0,109.0,111.0,0.0,51.0,0.0,156.0,0.0,22.0,0.0,4783.0,0.0,0.0,483.0,0.0,0.0,0.0,0.0,0.0,0.0,0.0,96.0,965.0,0.0,0.0,0.0,0.0,844.0,285.0,150.0,0.0,106.0,0.0,0.0,104.0,0.0,0.0,71.0,0.0,476.0,0.0,32.0,501.0,129.0,151.0,0.0,0.0,66.0,0.0,0.0,992.0,303.0,TTGCAGAC,wild caught RR,RR,female,Rp-,C-RR223204301-2,70,112122,A,NA,N,V1V2,udi
C-RR225204301-1,129.0,0.0,488.0,0.0,0.0,0.0,1930.0,2191.0,5318.0,0.0,0.0,11930.0,26374.0,0.0,199.0,0.0,0.0,1554.0,0.0,0.0,0.0,693.0,0.0,0.0,999.0,483.0,584.0,0.0,0.0,0.0,0.0,0.0,2398.0,0.0,62.0,0.0,206.0,0.0,721.0,0.0,4608.0,0.0,0.0,0.0,0.0,2222.0,0.0,0.0,0.0,0.0,0.0,0.0,0.0,0.0,0.0,621.0,516.0,0.0,135.0,1681.0,0.0,0.0,1003.0,0.0,799.0,0.0,0.0,0.0,0.0,657.0,0.0,0.0,0.0,0.0,0.0,0.0,0.0,187.0,0.0,0.0,556.0,0.0,0.0,0.0,CAACACCT,wild caught RR,RR,female,Rp-,C-RR225204301-1,36,112122,A,NA,N,V1V2,udi
C-RR225204301-10,0.0,0.0,40.0,0.0,0.0,0.0,0.0,110.0,0.0,0.0,0.0,145.0,1136.0,0.0,0.0,0.0,0.0,138.0,0.0,0.0,0.0,0.0,0.0,0.0,226.0,25.0,119.0,0.0,44.0,57.0,0.0,0.0,49.0,0.0,0.0,0.0,37.0,0.0,193.0,0.0,0.0,0.0,25.0,0.0,0.0,59.0,0.0,0.0,0.0,0.0,0.0,0.0,0.0,0.0,0.0,0.0,0.0,0.0,0.0,323.0,0.0,12.0,0.0,50.0,0.0,0.0,52.0,0.0,0.0,0.0,0.0,0.0,0.0,0.0,0.0,0.0,0.0,0.0,0.0,0.0,0.0,0.0,0.0,0.0,ACGACTTG,wild caught RR,RR,female,Rp+,C-RR225204301-10,75,112122,A,NA,N,V1V2,udi
C-RR225204301-11,0.0,0.0,274.0,0.0,0.0,0.0,0.0,2173.0,0.0,0.0,1497.0,10654.0,13418.0,0.0,0.0,0.0,287.0,4073.0,0.0,0.0,0.0,472.0,0.0,0.0,2436.0,0.0,1260.0,302.0,0.0,0.0,0.0,0.0,2339.0,0.0,0.0,0.0,0.0,0.0,0.0,0.0,0.0,0.0,0.0,0.0,0.0,637.0,0.0,0.0,0.0,0.0,0.0,0.0,0.0,0.0,0.0,0.0,0.0,0.0,0.0,1797.0,0.0,3227.0,0.0,538.0,0.0,0.0,0.0,509.0,0.0,0.0,0.0,0.0,0.0,0.0,0.0,0.0,0.0,0.0,0.0,0.0,0.0,807.0,0.0,0.0,TGTGACTG,wild caught RR,RR,female,Rp-,C-RR225204301-11,37,112122,A,NA,N,V1V2,udi
C-RR225204301-2,66.0,0.0,1403.0,0.0,0.0,0.0,26.0,59.0,11.0,0.0,86.0,366.0,984.0,0.0,279.0,124.0,0.0,182.0,524.0,0.0,1084.0,0.0,56.0,78.0,144.0,54.0,34.0,70.0,47.0,31.0,0.0,129.0,96.0,251.0,26.0,33.0,0.0,0.0,0.0,0.0,18.0,0.0,543.0,82.0,0.0,114.0,0.0,32.0,259.0,0.0,0.0,0.0,0.0,0.0,46.0,15.0,27.0,0.0,0.0,672.0,268.0,32.0,84.0,0.0,0.0,0.0,0.0,0.0,0.0,0.0,32.0,69.0,23.0,0.0,21.0,83.0,0.0,0.0,0.0,47.0,0.0,0.0,556.0,136.0,CCTGATTG,wild caught RR,RR,female,Rp+,C-RR225204301-2,79,112122,A,NA,N,V1V2,udi
C-RR225204301-3,755.0,0.0,288.0,0.0,0.0,0.0,0.0,0.0,161.0,0.0,0.0,988.0,3887.0,0.0,0.0,0.0,0.0,1033.0,0.0,0.0,0.0,0.0,0.0,0.0,346.0,0.0,460.0,0.0,0.0,0.0,0.0,0.0,496.0,0.0,0.0,0.0,648.0,0.0,0.0,0.0,0.0,0.0,4.0,0.0,0.0,1229.0,0.0,0.0,0.0,3.0,0.0,0.0,0.0,408.0,0.0,0.0,405.0,0.0,0.0,0.0,0.0,407.0,0.0,0.0,0.0,0.0,0.0,0.0,0.0,0.0,242.0,0.0,0.0,0.0,0.0,0.0,0.0,0.0,0.0,0.0,0.0,0.0,0.0,0.0,GATTACCG,wild caught RR,RR,female,Rp+,C-RR225204301-3,28,112122,A,NA,N,V1V2,udi
C-RR225204301-4,912.0,0.0,163.0,0.0,0.0,0.0,280.0,503.0,0.0,308.0,147.0,3910.0,10836.0,0.0,0.0,0.0,0.0,5058.0,0.0,0.0,131.0,0.0,0.0,0.0,164.0,0.0,166.0,0.0,0.0,0.0,0.0,0.0,1177.0,0.0,0.0,0.0,296.0,161.0,852.0,0.0,186.0,0.0,0.0,0.0,0.0,782.0,0.0,0.0,0.0,0.0,0.0,0.0,0.0,0.0,0.0,0.0,442.0,0.0,0.0,339.0,0.0,0.0,0.0,349.0,0.0,317.0,740.0,0.0,241.0,168.0,0.0,0.0,0.0,0.0,0.0,0.0,0.0,0.0,0.0,0.0,147.0,172.0,0.0,0.0,GTGAAGTG,wild caught RR,RR,female,Rp-,C-RR225204301-4,33,112122,A,NA,N,V1V2,udi
C-RR225204301-5,8.0,0.0,12.0,0.0,0.0,29.0,0.0,101.0,33.0,0.0,0.0,513.0,758.0,0.0,0.0,0.0,0.0,213.0,13.0,0.0,0.0,0.0,0.0,0.0,166.0,45.0,138.0,0.0,30.0,0.0,0.0,9.0,162.0,0.0,0.0,0.0,0.0,0.0,0.0,37.0,0.0,0.0,22.0,0.0,0.0,175.0,0.0,23.0,0.0,0.0,0.0,0.0,0.0,22.0,0.0,0.0,6.0,0.0,0.0,32.0,0.0,0.0,16.0,0.0,0.0,0.0,0.0,0.0,20.0,0.0,0.0,0.0,0.0,18.0,0.0,0.0,0.0,0.0,0.0,0.0,0.0,0.0,38.0,0.0,CGTTGCAA,wild caught RR,RR,female,Rp+,C-RR225204301-5,32,112122,A,NA,N,V1V2,udi
C-RR225204301-6,89.0,0.0,0.0,0.0,0.0,0.0,0.0,151.0,0.0,0.0,0.0,595.0,2927.0,0.0,0.0,0.0,0.0,489.0,0.0,0.0,0.0,50.0,0.0,0.0,397.0,37.0,200.0,0.0,0.0,0.0,0.0,0.0,361.0,0.0,0.0,0.0,0.0,0.0,58.0,0.0,37.0,0.0,0.0,0.0,0.0,194.0,0.0,0.0,0.0,0.0,0.0,0.0,0.0,0.0,0.0,0.0,72.0,0.0,0.0,0.0,0.0,206.0,0.0,63.0,0.0,0.0,0.0,0.0,0.0,111.0,0.0,0.0,0.0,0.0,0.0,0.0,0.0,0.0,91.0,0.0,0.0,0.0,0.0,0.0,GCGTCATT,wild caught RR,RR,female,Rp+,C-RR225204301-6,30,112122,A,NA,N,V1V2,udi
C-RR225204301-7,626.0,0.0,1309.0,0.0,0.0,0.0,520.0,3072.0,0.0,1866.0,0.0,17157.0,16279.0,0.0,0.0,0.0,0.0,3421.0,0.0,0.0,0.0,1284.0,0.0,1331.0,1625.0,0.0,1393.0,0.0,2274.0,0.0,0.0,0.0,6980.0,0.0,1591.0,0.0,869.0,0.0,1117.0,0.0,0.0,0.0,2349.0,0.0,1651.0,1654.0,0.0,0.0,0.0,0.0,0.0,0.0,0.0,196.0,0.0,2032.0,829.0,0.0,0.0,11614.0,0.0,1612.0,431.0,0.0,0.0,0.0,1648.0,0.0,0.0,0.0,2751.0,0.0,0.0,0.0,0.0,0.0,0.0,0.0,316.0,0.0,0.0,800.0,0.0,0.0,AAGCACTG,wild caught RR,RR,female,Rp+,C-RR225204301-7,24,112122,A,NA,N,V1V2,udi
C-RR225204301-8,238.0,105.0,21.0,0.0,0.0,0.0,106.0,172.0,83.0,0.0,0.0,2053.0,5510.0,0.0,0.0,0.0,0.0,2057.0,0.0,0.0,0.0,0.0,0.0,0.0,853.0,0.0,0.0,0.0,220.0,0.0,0.0,0.0,2385.0,0.0,0.0,0.0,0.0,0.0,557.0,0.0,254.0,0.0,0.0,0.0,0.0,638.0,0.0,0.0,0.0,117.0,0.0,119.0,0.0,0.0,0.0,0.0,0.0,0.0,0.0,407.0,0.0,213.0,468.0,619.0,120.0,0.0,308.0,0.0,0.0,515.0,0.0,0.0,0.0,65.0,0.0,0.0,0.0,0.0,0.0,0.0,0.0,0.0,0.0,0.0,TGAAGACG,wild caught RR,RR,female,Rp-,C-RR225204301-8,44,112122,A,NA,N,V1V2,udi
C-RR225204301-9,0.0,0.0,1870.0,0.0,950.0,909.0,0.0,1640.0,1360.0,0.0,0.0,6333.0,19685.0,0.0,0.0,0.0,0.0,2411.0,0.0,0.0,0.0,0.0,0.0,0.0,0.0,0.0,731.0,0.0,687.0,0.0,0.0,0.0,1716.0,0.0,0.0,0.0,285.0,0.0,938.0,0.0,0.0,0.0,285.0,0.0,0.0,0.0,0.0,0.0,0.0,0.0,0.0,0.0,0.0,0.0,0.0,0.0,0.0,0.0,0.0,1980.0,0.0,776.0,828.0,0.0,0.0,0.0,0.0,0.0,0.0,0.0,0.0,0.0,0.0,0.0,0.0,0.0,0.0,0.0,0.0,0.0,0.0,0.0,0.0,0.0,GTCATCGA,wild caught RR,RR,female,Rp-,C-RR225204301-9,38,112122,A,NA,N,V1V2,udi
C-RR229204301-1,165.0,0.0,159.0,0.0,0.0,0.0,88.0,412.0,114.0,344.0,57.0,1178.0,2076.0,0.0,0.0,0.0,0.0,714.0,0.0,0.0,0.0,71.0,0.0,0.0,111.0,117.0,180.0,0.0,0.0,0.0,0.0,0.0,396.0,0.0,0.0,0.0,0.0,202.0,250.0,0.0,99.0,0.0,0.0,0.0,0.0,191.0,0.0,0.0,0.0,0.0,0.0,0.0,33.0,0.0,0.0,0.0,43.0,62.0,0.0,777.0,0.0,273.0,131.0,53.0,96.0,0.0,80.0,0.0,0.0,0.0,0.0,0.0,0.0,0.0,0.0,0.0,0.0,0.0,29.0,0.0,150.0,0.0,0.0,0.0,AGAGTAGC,wild caught RR,RR,female,Rp+,C-RR229204301-1,15,112122,A,NA,N,V1V2,udi
C-RR229204301-3,84.0,17.0,242.0,0.0,0.0,0.0,0.0,112.0,63.0,9.0,0.0,104.0,1854.0,0.0,0.0,0.0,0.0,69.0,0.0,0.0,0.0,0.0,24.0,98.0,60.0,0.0,91.0,0.0,7.0,0.0,0.0,0.0,90.0,0.0,0.0,0.0,60.0,0.0,19.0,0.0,18.0,0.0,59.0,0.0,17.0,86.0,0.0,0.0,0.0,19535.0,0.0,0.0,0.0,17.0,0.0,11.0,11.0,0.0,0.0,452.0,0.0,142.0,12.0,14.0,0.0,0.0,0.0,0.0,10.0,11.0,0.0,0.0,0.0,0.0,0.0,0.0,0.0,9.0,0.0,0.0,0.0,17.0,0.0,0.0,ACCACGAT,wild caught RR,RR,female,Rp+,C-RR229204301-3,27,112122,A,NA,N,V1V2,udi
C-RR229204301-4,42.0,0.0,165.0,0.0,0.0,0.0,32.0,0.0,330.0,0.0,0.0,1585.0,2762.0,0.0,276.0,0.0,0.0,167.0,0.0,0.0,0.0,156.0,0.0,115.0,759.0,0.0,203.0,0.0,1056.0,0.0,0.0,0.0,364.0,0.0,0.0,0.0,0.0,57.0,0.0,0.0,201.0,0.0,0.0,0.0,228.0,575.0,0.0,0.0,0.0,202.0,0.0,102.0,0.0,0.0,0.0,0.0,33.0,0.0,0.0,178.0,0.0,992.0,0.0,63.0,0.0,41.0,390.0,0.0,0.0,0.0,0.0,0.0,0.0,0.0,0.0,0.0,0.0,0.0,0.0,0.0,0.0,0.0,0.0,0.0,AGCGTGTT,wild caught RR,RR,female,Rp+,C-RR229204301-4,46,112122,A,NA,N,V1V2,udi
C-RR229204301-5,553.0,0.0,0.0,0.0,594.0,370.0,0.0,2636.0,473.0,0.0,6.0,9250.0,19085.0,0.0,0.0,0.0,1116.0,5043.0,0.0,0.0,0.0,0.0,0.0,0.0,670.0,0.0,1017.0,0.0,963.0,0.0,0.0,0.0,2771.0,0.0,0.0,0.0,2361.0,0.0,572.0,0.0,0.0,0.0,0.0,0.0,0.0,3758.0,0.0,0.0,0.0,0.0,0.0,445.0,0.0,322.0,0.0,0.0,0.0,0.0,0.0,4.0,0.0,468.0,1007.0,1924.0,532.0,0.0,508.0,0.0,0.0,0.0,0.0,0.0,0.0,0.0,0.0,0.0,0.0,0.0,0.0,0.0,533.0,0.0,0.0,0.0,AGTGGATC,wild caught RR,RR,female,Rp+,C-RR229204301-5,59,112122,A,NA,N,V1V2,udi
C-RR229204301-6,0.0,0.0,0.0,0.0,24.0,0.0,185.0,219.0,222.0,0.0,0.0,662.0,2757.0,0.0,0.0,0.0,0.0,277.0,0.0,0.0,0.0,827.0,0.0,0.0,1797.0,0.0,430.0,0.0,337.0,0.0,0.0,0.0,371.0,0.0,0.0,0.0,0.0,66.0,182.0,0.0,383.0,0.0,0.0,0.0,0.0,330.0,0.0,0.0,0.0,0.0,0.0,75.0,102.0,38.0,0.0,101.0,166.0,86.0,0.0,0.0,0.0,50.0,544.0,0.0,0.0,0.0,194.0,0.0,0.0,0.0,0.0,0.0,0.0,0.0,0.0,0.0,0.0,0.0,0.0,0.0,99.0,55.0,0.0,0.0,TAACCGGT,wild caught RR,RR,female,Rp+,C-RR229204301-6,93,112122,A,NA,N,V1V2,udi
C-RR229204301-7,399.0,0.0,38.0,0.0,0.0,69.0,548.0,701.0,633.0,0.0,0.0,1849.0,5362.0,0.0,0.0,0.0,0.0,647.0,0.0,0.0,0.0,0.0,0.0,0.0,194.0,85.0,194.0,0.0,0.0,0.0,0.0,0.0,759.0,0.0,0.0,0.0,287.0,0.0,366.0,0.0,430.0,0.0,0.0,0.0,0.0,100.0,0.0,0.0,0.0,0.0,127.0,0.0,0.0,0.0,0.0,4.0,0.0,35.0,0.0,3378.0,0.0,596.0,84.0,114.0,207.0,0.0,224.0,153.0,0.0,0.0,0.0,0.0,0.0,0.0,0.0,0.0,0.0,0.0,0.0,0.0,0.0,0.0,0.0,0.0,TGAGCTAG,wild caught RR,RR,female,Rp-,C-RR229204301-7,3,112122,A,NA,N,V1V2,udi
C-RR229204301-8,442.0,0.0,1230.0,0.0,0.0,145.0,217.0,171.0,449.0,0.0,200.0,2773.0,7702.0,0.0,0.0,0.0,0.0,278.0,0.0,0.0,0.0,449.0,1240.0,0.0,2402.0,0.0,0.0,0.0,0.0,0.0,0.0,0.0,639.0,0.0,0.0,0.0,119.0,0.0,0.0,0.0,799.0,0.0,0.0,0.0,0.0,1831.0,0.0,0.0,0.0,0.0,0.0,0.0,0.0,0.0,0.0,160.0,0.0,370.0,0.0,4472.0,0.0,686.0,258.0,0.0,0.0,0.0,0.0,0.0,0.0,0.0,0.0,0.0,0.0,0.0,0.0,0.0,0.0,0.0,0.0,0.0,0.0,410.0,0.0,0.0,CTTGTCGA,wild caught RR,RR,female,Rp+,C-RR229204301-8,5,112122,A,NA,N,V1V2,udi
C-RR229204301-9,456.0,0.0,14537.0,0.0,389.0,0.0,0.0,214.0,979.0,354.0,0.0,2703.0,7685.0,0.0,163.0,616.0,0.0,1664.0,676.0,0.0,5559.0,0.0,4706.0,1017.0,628.0,112.0,798.0,0.0,863.0,0.0,0.0,0.0,1198.0,297.0,809.0,0.0,108.0,496.0,428.0,0.0,304.0,0.0,485.0,292.0,0.0,192.0,0.0,0.0,0.0,0.0,0.0,0.0,0.0,3.0,132.0,0.0,0.0,0.0,285.0,10491.0,0.0,519.0,0.0,0.0,0.0,135.0,0.0,0.0,0.0,0.0,0.0,0.0,1672.0,0.0,0.0,0.0,0.0,0.0,0.0,0.0,0.0,0.0,217.0,0.0,GAGACGAT,wild caught RR,RR,female,Rp-,C-RR229204301-9,4,112122,A,NA,N,V1V2,udi
C-RR229204401-1,103.0,0.0,382.0,0.0,0.0,0.0,199.0,757.0,756.0,853.0,0.0,5509.0,9044.0,0.0,138.0,0.0,0.0,1573.0,0.0,0.0,0.0,0.0,0.0,0.0,420.0,219.0,1458.0,0.0,0.0,0.0,0.0,0.0,5461.0,0.0,0.0,0.0,0.0,0.0,0.0,0.0,4554.0,0.0,0.0,0.0,1475.0,1828.0,0.0,0.0,0.0,206.0,0.0,0.0,0.0,0.0,0.0,0.0,0.0,81.0,0.0,220.0,0.0,501.0,0.0,117.0,0.0,525.0,158.0,0.0,0.0,0.0,0.0,0.0,0.0,0.0,0.0,0.0,0.0,0.0,0.0,0.0,0.0,0.0,0.0,0.0,TTGGACGT,wild caught RR,RR,male,Rp+,C-RR229204401-1,58,112122,A,NA,N,V1V2,udi
C-RR229204401-2,473.0,389.0,7657.0,0.0,0.0,0.0,0.0,274.0,1095.0,652.0,0.0,5254.0,15525.0,0.0,0.0,0.0,0.0,1914.0,0.0,0.0,0.0,0.0,1419.0,1219.0,1700.0,0.0,2707.0,0.0,258.0,0.0,0.0,0.0,998.0,0.0,0.0,0.0,0.0,0.0,584.0,743.0,0.0,0.0,262.0,0.0,107.0,1557.0,0.0,0.0,0.0,0.0,0.0,0.0,0.0,433.0,0.0,0.0,0.0,0.0,0.0,0.0,0.0,2941.0,0.0,626.0,0.0,0.0,585.0,0.0,0.0,0.0,704.0,0.0,0.0,0.0,0.0,0.0,434.0,0.0,0.0,0.0,0.0,0.0,0.0,0.0,AGTTCGTC,wild caught RR,RR,male,Rp-,C-RR229204401-2,50,112122,A,NA,N,V1V2,udi
C-RR229204401-3,0.0,0.0,1667.0,0.0,0.0,0.0,0.0,410.0,149.0,293.0,0.0,2802.0,4804.0,0.0,0.0,0.0,0.0,878.0,0.0,0.0,0.0,0.0,0.0,80.0,618.0,199.0,232.0,0.0,0.0,0.0,0.0,0.0,2036.0,0.0,0.0,0.0,0.0,0.0,138.0,0.0,525.0,0.0,2097.0,0.0,0.0,0.0,0.0,237.0,0.0,0.0,0.0,0.0,0.0,284.0,0.0,0.0,0.0,0.0,0.0,310.0,0.0,956.0,0.0,0.0,0.0,0.0,0.0,105.0,0.0,0.0,0.0,0.0,0.0,0.0,0.0,0.0,0.0,140.0,0.0,0.0,271.0,0.0,0.0,0.0,ACTCCATC,wild caught RR,RR,male,Rp-,C-RR229204401-3,72,112122,A,NA,N,V1V2,udi
C-RR229204401-4,424.0,0.0,1134.0,0.0,0.0,0.0,0.0,0.0,0.0,533.0,0.0,11649.0,9235.0,0.0,0.0,0.0,0.0,3850.0,0.0,0.0,0.0,0.0,870.0,0.0,2329.0,604.0,10.0,0.0,0.0,0.0,0.0,0.0,2759.0,0.0,0.0,0.0,646.0,0.0,446.0,0.0,0.0,0.0,1011.0,0.0,803.0,661.0,0.0,0.0,0.0,0.0,0.0,0.0,0.0,0.0,0.0,0.0,0.0,0.0,0.0,1533.0,0.0,1110.0,0.0,0.0,0.0,0.0,904.0,0.0,0.0,0.0,0.0,0.0,0.0,0.0,0.0,0.0,0.0,0.0,0.0,0.0,0.0,0.0,0.0,0.0,GAAGGAAG,wild caught RR,RR,female,Rp-,C-RR229204401-4,40,112122,A,NA,N,V1V2,udi
C-RR229204401-5,69.0,0.0,1165.0,0.0,0.0,0.0,0.0,143.0,248.0,0.0,71.0,1372.0,2192.0,0.0,192.0,0.0,50.0,417.0,26.0,47.0,3640.0,80.0,133.0,93.0,223.0,0.0,127.0,251.0,0.0,115.0,0.0,0.0,153.0,407.0,108.0,0.0,0.0,0.0,506.0,0.0,0.0,0.0,1098.0,0.0,0.0,497.0,0.0,0.0,0.0,67.0,0.0,0.0,60.0,0.0,0.0,0.0,18.0,0.0,0.0,342.0,0.0,106.0,0.0,199.0,0.0,0.0,99.0,0.0,0.0,101.0,0.0,0.0,0.0,0.0,59.0,0.0,0.0,0.0,0.0,0.0,0.0,0.0,182.0,0.0,CGCTCTAT,wild caught RR,RR,male,Rp+,C-RR229204401-5,65,112122,A,NA,N,V1V2,udi
C-RR229204401-8,0.0,0.0,3056.0,144.0,0.0,0.0,317.0,580.0,1657.0,243.0,0.0,3039.0,11716.0,0.0,0.0,0.0,0.0,1736.0,85.0,0.0,0.0,674.0,91.0,366.0,1094.0,260.0,490.0,0.0,0.0,0.0,0.0,1318.0,1748.0,134.0,0.0,0.0,0.0,0.0,279.0,0.0,1290.0,0.0,0.0,0.0,570.0,1775.0,0.0,0.0,325.0,0.0,0.0,0.0,0.0,0.0,0.0,0.0,345.0,0.0,599.0,1016.0,0.0,219.0,429.0,637.0,0.0,0.0,0.0,0.0,0.0,0.0,0.0,0.0,0.0,0.0,0.0,235.0,191.0,0.0,0.0,0.0,113.0,0.0,86.0,0.0,CAATGTGG,wild caught RR,RR,male,Rp-,C-RR229204401-8,71,112122,A,NA,N,V1V2,udi
C-RR229204401-9,924.0,0.0,2305.0,0.0,0.0,0.0,0.0,1943.0,0.0,0.0,0.0,11344.0,13699.0,0.0,0.0,0.0,0.0,3263.0,0.0,0.0,0.0,1425.0,4245.0,2307.0,0.0,493.0,1005.0,0.0,1122.0,0.0,0.0,0.0,5284.0,0.0,0.0,0.0,233.0,0.0,0.0,958.0,2177.0,0.0,4947.0,0.0,0.0,531.0,0.0,0.0,0.0,0.0,0.0,0.0,0.0,47.0,0.0,0.0,0.0,0.0,0.0,3531.0,0.0,0.0,7018.0,0.0,719.0,0.0,0.0,0.0,0.0,0.0,1159.0,0.0,0.0,396.0,0.0,0.0,0.0,0.0,0.0,0.0,0.0,0.0,0.0,0.0,ATGACGTC,wild caught RR,RR,male,Rp-,C-RR229204401-9,57,112122,A,NA,N,V1V2,udi
C-RR231204301-2,17.0,0.0,238.0,0.0,44.0,30.0,197.0,89.0,374.0,0.0,0.0,233.0,1836.0,0.0,0.0,0.0,0.0,151.0,0.0,0.0,0.0,97.0,19.0,0.0,160.0,27.0,289.0,0.0,40.0,0.0,0.0,0.0,25.0,0.0,0.0,0.0,0.0,118.0,0.0,0.0,0.0,0.0,136.0,0.0,70.0,262.0,0.0,0.0,0.0,8041.0,0.0,0.0,0.0,0.0,0.0,0.0,0.0,0.0,0.0,132.0,0.0,192.0,142.0,0.0,35.0,0.0,113.0,0.0,0.0,67.0,0.0,0.0,0.0,0.0,0.0,0.0,0.0,0.0,0.0,0.0,0.0,62.0,0.0,0.0,ATCCAGAG,wild caught RR,RR,male,Rp-,C-RR231204301-2,16,112122,A,NA,N,V1V2,udi
C-RR231204301-3,338.0,0.0,5329.0,0.0,0.0,0.0,0.0,742.0,1680.0,0.0,0.0,2712.0,5621.0,0.0,164.0,0.0,0.0,1546.0,0.0,0.0,0.0,174.0,663.0,0.0,761.0,0.0,838.0,0.0,0.0,0.0,0.0,0.0,559.0,0.0,0.0,0.0,0.0,0.0,1059.0,0.0,271.0,0.0,604.0,0.0,0.0,997.0,0.0,0.0,0.0,0.0,215.0,0.0,0.0,0.0,0.0,92.0,174.0,77.0,0.0,5213.0,0.0,299.0,425.0,675.0,0.0,0.0,1162.0,0.0,0.0,0.0,0.0,0.0,0.0,0.0,0.0,0.0,160.0,0.0,0.0,0.0,316.0,0.0,0.0,0.0,ACTAGGAG,wild caught RR,RR,female,Rp-,C-RR231204301-3,77,112122,A,NA,N,V1V2,udi
C-RR231204301-4,0.0,0.0,8441.0,0.0,0.0,0.0,1317.0,658.0,0.0,360.0,0.0,7307.0,10667.0,0.0,0.0,0.0,0.0,580.0,0.0,0.0,0.0,0.0,0.0,448.0,1860.0,0.0,0.0,0.0,1293.0,0.0,0.0,0.0,3559.0,0.0,0.0,0.0,397.0,0.0,0.0,730.0,1292.0,0.0,1103.0,0.0,0.0,1426.0,0.0,0.0,0.0,2.0,0.0,0.0,0.0,0.0,0.0,0.0,0.0,0.0,0.0,4301.0,0.0,714.0,740.0,312.0,0.0,569.0,608.0,351.0,0.0,0.0,0.0,0.0,0.0,0.0,0.0,0.0,0.0,0.0,0.0,0.0,0.0,0.0,0.0,0.0,GCAAGATC,wild caught RR,RR,female,Rp-,C-RR231204301-4,11,112122,A,NA,N,V1V2,udi
C-RR231204401-2,213.0,0.0,1061.0,0.0,0.0,132.0,719.0,1015.0,766.0,0.0,292.0,3377.0,6674.0,0.0,0.0,0.0,0.0,1083.0,0.0,0.0,33.0,277.0,832.0,0.0,2221.0,0.0,499.0,0.0,0.0,0.0,0.0,0.0,1005.0,0.0,0.0,0.0,0.0,0.0,0.0,0.0,1654.0,0.0,0.0,0.0,224.0,442.0,0.0,0.0,0.0,0.0,0.0,129.0,0.0,0.0,0.0,0.0,93.0,0.0,0.0,534.0,0.0,309.0,1870.0,591.0,872.0,0.0,706.0,0.0,0.0,0.0,0.0,0.0,0.0,0.0,0.0,0.0,0.0,0.0,0.0,0.0,504.0,203.0,0.0,0.0,CGTGTGTA,wild caught RR,RR,male,Rp+,C-RR231204401-2,74,112122,A,NA,N,V1V2,udi
C-RR234204401-1,118.0,0.0,5678.0,0.0,0.0,0.0,662.0,0.0,1255.0,0.0,0.0,11393.0,15782.0,0.0,0.0,0.0,525.0,4346.0,0.0,0.0,0.0,373.0,0.0,0.0,2153.0,0.0,877.0,0.0,0.0,0.0,0.0,0.0,3584.0,0.0,0.0,0.0,459.0,0.0,779.0,0.0,0.0,0.0,0.0,0.0,638.0,2885.0,0.0,0.0,0.0,0.0,0.0,0.0,316.0,0.0,0.0,0.0,0.0,222.0,0.0,1060.0,0.0,1303.0,976.0,0.0,0.0,0.0,0.0,0.0,0.0,0.0,0.0,0.0,0.0,0.0,0.0,0.0,0.0,0.0,0.0,0.0,0.0,0.0,0.0,0.0,TACGCCTT,wild caught RR,RR,male,Rp-,C-RR234204401-1,82,112122,A,NA,N,V1V2,udi
C-RR234204401-2,371.0,0.0,1583.0,0.0,0.0,197.0,0.0,2038.0,475.0,247.0,0.0,1516.0,19647.0,474.0,0.0,0.0,0.0,1617.0,0.0,0.0,0.0,0.0,1619.0,0.0,711.0,0.0,2042.0,0.0,117.0,0.0,0.0,0.0,3743.0,0.0,0.0,266.0,674.0,0.0,605.0,0.0,208.0,0.0,0.0,0.0,0.0,764.0,0.0,0.0,0.0,0.0,0.0,0.0,0.0,0.0,0.0,257.0,286.0,0.0,0.0,128.0,0.0,1361.0,0.0,366.0,0.0,0.0,414.0,0.0,0.0,287.0,376.0,0.0,0.0,379.0,0.0,0.0,0.0,0.0,48.0,0.0,265.0,0.0,0.0,0.0,CGGTTGTT,wild caught RR,RR,male,Rp+,C-RR234204401-2,42,112122,A,NA,N,V1V2,udi
C-RR234204401-3,3492.0,0.0,504.0,0.0,0.0,0.0,0.0,560.0,857.0,0.0,0.0,4891.0,22533.0,0.0,0.0,0.0,0.0,2660.0,0.0,0.0,0.0,600.0,35.0,0.0,2158.0,0.0,1215.0,0.0,1202.0,716.0,0.0,0.0,3615.0,0.0,0.0,0.0,0.0,0.0,441.0,0.0,0.0,0.0,0.0,0.0,0.0,2641.0,0.0,0.0,0.0,3.0,0.0,0.0,0.0,0.0,0.0,0.0,188.0,0.0,0.0,0.0,0.0,1045.0,110.0,576.0,0.0,0.0,0.0,0.0,0.0,0.0,308.0,0.0,0.0,0.0,0.0,0.0,270.0,0.0,0.0,0.0,0.0,0.0,0.0,0.0,GCACAACT,wild caught RR,RR,male,Rp-,C-RR234204401-3,29,112122,A,NA,N,V1V2,udi
C-RR325204301-1,2907.0,0.0,1162.0,0.0,0.0,0.0,0.0,0.0,0.0,566.0,438.0,10370.0,15648.0,0.0,0.0,0.0,0.0,5920.0,0.0,0.0,0.0,0.0,944.0,0.0,5768.0,0.0,1229.0,0.0,1015.0,0.0,0.0,935.0,4257.0,0.0,0.0,0.0,0.0,0.0,1338.0,0.0,1022.0,0.0,0.0,0.0,0.0,4170.0,0.0,0.0,0.0,0.0,0.0,0.0,0.0,0.0,0.0,0.0,1362.0,0.0,0.0,9424.0,0.0,1727.0,1537.0,744.0,416.0,0.0,0.0,0.0,0.0,0.0,0.0,0.0,0.0,0.0,0.0,0.0,0.0,0.0,0.0,0.0,0.0,0.0,732.0,0.0,GTGCCATA,wild caught RR,RR,female,Rp-,C-RR325204301-1,20,112122,A,NA,N,V1V2,udi
C-RR325204301-2,505.0,0.0,3528.0,0.0,11.0,611.0,461.0,1629.0,2231.0,263.0,0.0,5467.0,20349.0,0.0,227.0,0.0,0.0,1894.0,0.0,0.0,0.0,973.0,1688.0,1151.0,2663.0,736.0,293.0,0.0,1401.0,0.0,0.0,0.0,1367.0,0.0,0.0,0.0,78.0,0.0,397.0,0.0,1586.0,0.0,672.0,0.0,536.0,1056.0,0.0,123.0,0.0,0.0,1293.0,0.0,0.0,0.0,0.0,304.0,0.0,0.0,0.0,1265.0,0.0,2700.0,937.0,0.0,0.0,0.0,1013.0,625.0,500.0,0.0,0.0,0.0,0.0,0.0,0.0,0.0,280.0,0.0,0.0,0.0,0.0,0.0,0.0,0.0,TATCGGTC,wild caught RR,RR,female,Rp-,C-RR325204301-2,66,112122,A,NA,N,V1V2,udi
